RouteId,Route,Order,DisplayName,OriginalName,Latitude,Longitude,GoogleMapsPoint,GoogleMapsFromCurrent,WazePoint
1,Маршрут №1,1,"Старт — ТСЦ МВС 8042, вул. Мрії, 19",Маршрут №1. Початок Маршруту,50.4865819,30.3942046,"https://www.google.com/maps/search/?api=1&query=50.4865819,30.3942046","https://www.google.com/maps/dir/?api=1&destination=50.4865083,30.3944231&travelmode=driving&dir_action=navigate&waypoints=50.4865819,30.3942046|50.4862451,30.3960940|50.4866666,30.3955791|50.4810374,30.4071635|50.4819282,30.4029943|50.4815977,30.3957863|50.4878223,30.3941388",https://waze.com/ul?ll=50.4865819%2C30.3942046&navigate=yes
1,Маршрут №1,2,Коло Мрії / Стеценка — в’їзд для проїзду прямо,Маршрут №1. Розворот по колу 1,50.4862451,30.3960940,"https://www.google.com/maps/search/?api=1&query=50.4862451,30.3960940","https://www.google.com/maps/dir/?api=1&destination=50.4865083,30.3944231&travelmode=driving&dir_action=navigate&waypoints=50.4862451,30.3960940|50.4866666,30.3955791|50.4810374,30.4071635|50.4819282,30.4029943|50.4815977,30.3957863|50.4878223,30.3941388",https://waze.com/ul?ll=50.4862451%2C30.3960940&navigate=yes
1,Маршрут №1,3,Коло Мрії / Стеценка — виїзд після проїзду прямо,Маршрут №1. Розворот по колу 2,50.4866666,30.3955791,"https://www.google.com/maps/search/?api=1&query=50.4866666,30.3955791","https://www.google.com/maps/dir/?api=1&destination=50.4865083,30.3944231&travelmode=driving&dir_action=navigate&waypoints=50.4866666,30.3955791|50.4810374,30.4071635|50.4819282,30.4029943|50.4815977,30.3957863|50.4878223,30.3941388",https://waze.com/ul?ll=50.4866666%2C30.3955791&navigate=yes
1,Маршрут №1,4,Район Данила Щербаківського / Марченка — розворот,Маршрут №1. Розворот на Марченка,50.4810374,30.4071635,"https://www.google.com/maps/search/?api=1&query=50.4810374,30.4071635","https://www.google.com/maps/dir/?api=1&destination=50.4865083,30.3944231&travelmode=driving&dir_action=navigate&waypoints=50.4810374,30.4071635|50.4819282,30.4029943|50.4815977,30.3957863|50.4878223,30.3941388",https://waze.com/ul?ll=50.4810374%2C30.4071635&navigate=yes
1,Маршрут №1,5,Поворот на вул. Ігоря Турчина,Маршрут №1. Поворот на Турчина,50.4819282,30.4029943,"https://www.google.com/maps/search/?api=1&query=50.4819282,30.4029943","https://www.google.com/maps/dir/?api=1&destination=50.4865083,30.3944231&travelmode=driving&dir_action=navigate&waypoints=50.4819282,30.4029943|50.4815977,30.3957863|50.4878223,30.3941388",https://waze.com/ul?ll=50.4819282%2C30.4029943&navigate=yes
1,Маршрут №1,6,Повернення на вул. Мрії,Маршрут №1. Повернення на Мрії,50.4815977,30.3957863,"https://www.google.com/maps/search/?api=1&query=50.4815977,30.3957863","https://www.google.com/maps/dir/?api=1&destination=50.4865083,30.3944231&travelmode=driving&dir_action=navigate&waypoints=50.4815977,30.3957863|50.4878223,30.3941388",https://waze.com/ul?ll=50.4815977%2C30.3957863&navigate=yes
1,Маршрут №1,7,Сирецько-Садова — розворот і повернення до ТСЦ,Маршрут №1. Розворот через Сирецько-Садову,50.4878223,30.3941388,"https://www.google.com/maps/search/?api=1&query=50.4878223,30.3941388","https://www.google.com/maps/dir/?api=1&destination=50.4865083,30.3944231&travelmode=driving&dir_action=navigate&waypoints=50.4878223,30.3941388",https://waze.com/ul?ll=50.4878223%2C30.3941388&navigate=yes
1,Маршрут №1,8,"Фініш — ТСЦ МВС 8042, вул. Мрії, 19",Маршрут №1. Завершення Маршруту,50.4865083,30.3944231,"https://www.google.com/maps/search/?api=1&query=50.4865083,30.3944231","https://www.google.com/maps/dir/?api=1&destination=50.4865083,30.3944231&travelmode=driving&dir_action=navigate",https://waze.com/ul?ll=50.4865083%2C30.3944231&navigate=yes
2,Маршрут №2,1,"Старт — ТСЦ МВС 8042, вул. Мрії, 19",Маршрут №2. Початок Маршруту,50.4865986,30.3941926,"https://www.google.com/maps/search/?api=1&query=50.4865986,30.3941926","https://www.google.com/maps/dir/?api=1&destination=50.4865177,30.3944411&travelmode=driving&dir_action=navigate&waypoints=50.4865986,30.3941926|50.4935591,30.3792992|50.5073771,30.4090167|50.5072440,30.4075951|50.4821437,30.4057020|50.4865225,30.3953970|50.4863211,30.3962070|50.4878584,30.3942579",https://waze.com/ul?ll=50.4865986%2C30.3941926&navigate=yes
2,Маршрут №2,2,Поворот на вул. Газопровідну,Маршрут №2. Поворот на Газопровідну,50.4935591,30.3792992,"https://www.google.com/maps/search/?api=1&query=50.4935591,30.3792992","https://www.google.com/maps/dir/?api=1&destination=50.4865177,30.3944411&travelmode=driving&dir_action=navigate&waypoints=50.4935591,30.3792992|50.5073771,30.4090167|50.5072440,30.4075951|50.4821437,30.4057020|50.4865225,30.3953970|50.4863211,30.3962070|50.4878584,30.3942579",https://waze.com/ul?ll=50.4935591%2C30.3792992&navigate=yes
2,Маршрут №2,3,Коло Івана Виговського / просп. Європейського Союзу — в’їзд,Маршрут №2. Розворот по колу 1,50.5073771,30.4090167,"https://www.google.com/maps/search/?api=1&query=50.5073771,30.4090167","https://www.google.com/maps/dir/?api=1&destination=50.4865177,30.3944411&travelmode=driving&dir_action=navigate&waypoints=50.5073771,30.4090167|50.5072440,30.4075951|50.4821437,30.4057020|50.4865225,30.3953970|50.4863211,30.3962070|50.4878584,30.3942579",https://waze.com/ul?ll=50.5073771%2C30.4090167&navigate=yes
2,Маршрут №2,4,Коло Івана Виговського / просп. Європейського Союзу — виїзд,Маршрут №2. Розворот по колу 2,50.5072440,30.4075951,"https://www.google.com/maps/search/?api=1&query=50.5072440,30.4075951","https://www.google.com/maps/dir/?api=1&destination=50.4865177,30.3944411&travelmode=driving&dir_action=navigate&waypoints=50.5072440,30.4075951|50.4821437,30.4057020|50.4865225,30.3953970|50.4863211,30.3962070|50.4878584,30.3942579",https://waze.com/ul?ll=50.5072440%2C30.4075951&navigate=yes
2,Маршрут №2,5,Поворот на вул. Стеценка,Маршрут №2. Поворот на стеценка,50.4821437,30.4057020,"https://www.google.com/maps/search/?api=1&query=50.4821437,30.4057020","https://www.google.com/maps/dir/?api=1&destination=50.4865177,30.3944411&travelmode=driving&dir_action=navigate&waypoints=50.4821437,30.4057020|50.4865225,30.3953970|50.4863211,30.3962070|50.4878584,30.3942579",https://waze.com/ul?ll=50.4821437%2C30.4057020&navigate=yes
2,Маршрут №2,6,Коло Мрії / Стеценка — в’їзд для проїзду прямо,Маршрут №2. Розворот по колу 1,50.4865225,30.3953970,"https://www.google.com/maps/search/?api=1&query=50.4865225,30.3953970","https://www.google.com/maps/dir/?api=1&destination=50.4865177,30.3944411&travelmode=driving&dir_action=navigate&waypoints=50.4865225,30.3953970|50.4863211,30.3962070|50.4878584,30.3942579",https://waze.com/ul?ll=50.4865225%2C30.3953970&navigate=yes
2,Маршрут №2,7,Коло Мрії / Стеценка — виїзд після проїзду прямо,Маршрут №2. Розворот по колу 2,50.4863211,30.3962070,"https://www.google.com/maps/search/?api=1&query=50.4863211,30.3962070","https://www.google.com/maps/dir/?api=1&destination=50.4865177,30.3944411&travelmode=driving&dir_action=navigate&waypoints=50.4863211,30.3962070|50.4878584,30.3942579",https://waze.com/ul?ll=50.4863211%2C30.3962070&navigate=yes
2,Маршрут №2,8,Поворот на Сирецько-Садову перед поверненням до ТСЦ,Маршрут №2. Поворот на Сирецько-Садову,50.4878584,30.3942579,"https://www.google.com/maps/search/?api=1&query=50.4878584,30.3942579","https://www.google.com/maps/dir/?api=1&destination=50.4865177,30.3944411&travelmode=driving&dir_action=navigate&waypoints=50.4878584,30.3942579",https://waze.com/ul?ll=50.4878584%2C30.3942579&navigate=yes
2,Маршрут №2,9,"Фініш — ТСЦ МВС 8042, вул. Мрії, 19",Маршрут №2. Завершення Маршруту,50.4865177,30.3944411,"https://www.google.com/maps/search/?api=1&query=50.4865177,30.3944411","https://www.google.com/maps/dir/?api=1&destination=50.4865177,30.3944411&travelmode=driving&dir_action=navigate",https://waze.com/ul?ll=50.4865177%2C30.3944411&navigate=yes
3,Маршрут №3,1,"Старт — ТСЦ МВС 8042, вул. Мрії, 19",Маршрут №3. Початок Маршруту,50.4866143,30.3941706,"https://www.google.com/maps/search/?api=1&query=50.4866143,30.3941706","https://www.google.com/maps/dir/?api=1&destination=50.4865287,30.3944730&travelmode=driving&dir_action=navigate&waypoints=50.4866143,30.3941706|50.4873407,30.3943120|50.4862313,30.3960858|50.4866255,30.3954930|50.4809593,30.4072924|50.4814638,30.3993498|50.4719213,30.3959536|50.4865494,30.3962091|50.4878561,30.3942440",https://waze.com/ul?ll=50.4866143%2C30.3941706&navigate=yes
3,Маршрут №3,2,Виїзд від ТСЦ на вул. Стеценка,Маршрут №3. Виїзд на Стеценка,50.4873407,30.3943120,"https://www.google.com/maps/search/?api=1&query=50.4873407,30.3943120","https://www.google.com/maps/dir/?api=1&destination=50.4865287,30.3944730&travelmode=driving&dir_action=navigate&waypoints=50.4873407,30.3943120|50.4862313,30.3960858|50.4866255,30.3954930|50.4809593,30.4072924|50.4814638,30.3993498|50.4719213,30.3959536|50.4865494,30.3962091|50.4878561,30.3942440",https://waze.com/ul?ll=50.4873407%2C30.3943120&navigate=yes
3,Маршрут №3,3,Коло Мрії / Стеценка — в’їзд для проїзду прямо,Маршрут №3. Розворот по колу 1,50.4862313,30.3960858,"https://www.google.com/maps/search/?api=1&query=50.4862313,30.3960858","https://www.google.com/maps/dir/?api=1&destination=50.4865287,30.3944730&travelmode=driving&dir_action=navigate&waypoints=50.4862313,30.3960858|50.4866255,30.3954930|50.4809593,30.4072924|50.4814638,30.3993498|50.4719213,30.3959536|50.4865494,30.3962091|50.4878561,30.3942440",https://waze.com/ul?ll=50.4862313%2C30.3960858&navigate=yes
3,Маршрут №3,4,Коло Мрії / Стеценка — виїзд після проїзду прямо,Маршрут №3. Розворот по колу 2,50.4866255,30.3954930,"https://www.google.com/maps/search/?api=1&query=50.4866255,30.3954930","https://www.google.com/maps/dir/?api=1&destination=50.4865287,30.3944730&travelmode=driving&dir_action=navigate&waypoints=50.4866255,30.3954930|50.4809593,30.4072924|50.4814638,30.3993498|50.4719213,30.3959536|50.4865494,30.3962091|50.4878561,30.3942440",https://waze.com/ul?ll=50.4866255%2C30.3954930&navigate=yes
3,Маршрут №3,5,Район Данила Щербаківського / Марченка — розворот,Маршрут №3. Розворот по Марчука,50.4809593,30.4072924,"https://www.google.com/maps/search/?api=1&query=50.4809593,30.4072924","https://www.google.com/maps/dir/?api=1&destination=50.4865287,30.3944730&travelmode=driving&dir_action=navigate&waypoints=50.4809593,30.4072924|50.4814638,30.3993498|50.4719213,30.3959536|50.4865494,30.3962091|50.4878561,30.3942440",https://waze.com/ul?ll=50.4809593%2C30.4072924&navigate=yes
3,Маршрут №3,6,Вул. Ігоря Турчина — контрольна точка,Маршрут №3. Турчина,50.4814638,30.3993498,"https://www.google.com/maps/search/?api=1&query=50.4814638,30.3993498","https://www.google.com/maps/dir/?api=1&destination=50.4865287,30.3944730&travelmode=driving&dir_action=navigate&waypoints=50.4814638,30.3993498|50.4719213,30.3959536|50.4865494,30.3962091|50.4878561,30.3942440",https://waze.com/ul?ll=50.4814638%2C30.3993498&navigate=yes
3,Маршрут №3,7,Розворот на вул. Салютній,Маршрут №3. Розворот на Салютній,50.4719213,30.3959536,"https://www.google.com/maps/search/?api=1&query=50.4719213,30.3959536","https://www.google.com/maps/dir/?api=1&destination=50.4865287,30.3944730&travelmode=driving&dir_action=navigate&waypoints=50.4719213,30.3959536|50.4865494,30.3962091|50.4878561,30.3942440",https://waze.com/ul?ll=50.4719213%2C30.3959536&navigate=yes
3,Маршрут №3,8,Коло Мрії / Стеценка — контрольна точка,Маршрут №3. Повернення на Стеценка,50.4865494,30.3962091,"https://www.google.com/maps/search/?api=1&query=50.4865494,30.3962091","https://www.google.com/maps/dir/?api=1&destination=50.4865287,30.3944730&travelmode=driving&dir_action=navigate&waypoints=50.4865494,30.3962091|50.4878561,30.3942440",https://waze.com/ul?ll=50.4865494%2C30.3962091&navigate=yes
3,Маршрут №3,9,Поворот на Сирецько-Садову перед поверненням до ТСЦ,Маршрут №3. Поворот на Сирецько-Садову,50.4878561,30.3942440,"https://www.google.com/maps/search/?api=1&query=50.4878561,30.3942440","https://www.google.com/maps/dir/?api=1&destination=50.4865287,30.3944730&travelmode=driving&dir_action=navigate&waypoints=50.4878561,30.3942440",https://waze.com/ul?ll=50.4878561%2C30.3942440&navigate=yes
3,Маршрут №3,10,"Фініш — ТСЦ МВС 8042, вул. Мрії, 19",Маршрут №3. Завершення Маршруту,50.4865287,30.3944730,"https://www.google.com/maps/search/?api=1&query=50.4865287,30.3944730","https://www.google.com/maps/dir/?api=1&destination=50.4865287,30.3944730&travelmode=driving&dir_action=navigate",https://waze.com/ul?ll=50.4865287%2C30.3944730&navigate=yes
4,Маршрут №4,1,"Старт — ТСЦ МВС 8042, вул. Мрії, 19",Маршрут №4. Початок маршруту,50.4866718,30.3940689,"https://www.google.com/maps/search/?api=1&query=50.4866718,30.3940689","https://www.google.com/maps/dir/?api=1&destination=50.4866144,30.3942564&travelmode=driving&dir_action=navigate&waypoints=50.4866718,30.3940689|50.4862451,30.3960940|50.4865760,30.3954385|50.4811307,30.4070384|50.4722305,30.4057989|50.4726402,30.3959548|50.4868422,30.3956716|50.4878534,30.3941866",https://waze.com/ul?ll=50.4866718%2C30.3940689&navigate=yes
4,Маршрут №4,2,Коло Мрії / Стеценка — в’їзд для проїзду прямо,Маршрут №4. Розворот по колу 1,50.4862451,30.3960940,"https://www.google.com/maps/search/?api=1&query=50.4862451,30.3960940","https://www.google.com/maps/dir/?api=1&destination=50.4866144,30.3942564&travelmode=driving&dir_action=navigate&waypoints=50.4862451,30.3960940|50.4865760,30.3954385|50.4811307,30.4070384|50.4722305,30.4057989|50.4726402,30.3959548|50.4868422,30.3956716|50.4878534,30.3941866",https://waze.com/ul?ll=50.4862451%2C30.3960940&navigate=yes
4,Маршрут №4,3,Коло Мрії / Стеценка — виїзд після проїзду прямо,Маршрут №4. Розворот по колу 2,50.4865760,30.3954385,"https://www.google.com/maps/search/?api=1&query=50.4865760,30.3954385","https://www.google.com/maps/dir/?api=1&destination=50.4866144,30.3942564&travelmode=driving&dir_action=navigate&waypoints=50.4865760,30.3954385|50.4811307,30.4070384|50.4722305,30.4057989|50.4726402,30.3959548|50.4868422,30.3956716|50.4878534,30.3941866",https://waze.com/ul?ll=50.4865760%2C30.3954385&navigate=yes
4,Маршрут №4,4,Район Данила Щербаківського / Марченка — розворот,Маршрут №4. Розворот через Марченка,50.4811307,30.4070384,"https://www.google.com/maps/search/?api=1&query=50.4811307,30.4070384","https://www.google.com/maps/dir/?api=1&destination=50.4866144,30.3942564&travelmode=driving&dir_action=navigate&waypoints=50.4811307,30.4070384|50.4722305,30.4057989|50.4726402,30.3959548|50.4868422,30.3956716|50.4878534,30.3941866",https://waze.com/ul?ll=50.4811307%2C30.4070384&navigate=yes
4,Маршрут №4,5,Поворот на вул. Салютній,Маршрут №4. Поворот на Салютній,50.4722305,30.4057989,"https://www.google.com/maps/search/?api=1&query=50.4722305,30.4057989","https://www.google.com/maps/dir/?api=1&destination=50.4866144,30.3942564&travelmode=driving&dir_action=navigate&waypoints=50.4722305,30.4057989|50.4726402,30.3959548|50.4868422,30.3956716|50.4878534,30.3941866",https://waze.com/ul?ll=50.4722305%2C30.4057989&navigate=yes
4,Маршрут №4,6,Поворот на вул. Мрії,Маршрут №4. Поворот на Мрії,50.4726402,30.3959548,"https://www.google.com/maps/search/?api=1&query=50.4726402,30.3959548","https://www.google.com/maps/dir/?api=1&destination=50.4866144,30.3942564&travelmode=driving&dir_action=navigate&waypoints=50.4726402,30.3959548|50.4868422,30.3956716|50.4878534,30.3941866",https://waze.com/ul?ll=50.4726402%2C30.3959548&navigate=yes
4,Маршрут №4,7,Коло Мрії / Стеценка — контрольна точка,Маршрут №4. Поворот на Стеценка,50.4868422,30.3956716,"https://www.google.com/maps/search/?api=1&query=50.4868422,30.3956716","https://www.google.com/maps/dir/?api=1&destination=50.4866144,30.3942564&travelmode=driving&dir_action=navigate&waypoints=50.4868422,30.3956716|50.4878534,30.3941866",https://waze.com/ul?ll=50.4868422%2C30.3956716&navigate=yes
4,Маршрут №4,8,Поворот на Сирецько-Садову перед поверненням до ТСЦ,Маршрут №4. Поворот на Сирецько-Садову,50.4878534,30.3941866,"https://www.google.com/maps/search/?api=1&query=50.4878534,30.3941866","https://www.google.com/maps/dir/?api=1&destination=50.4866144,30.3942564&travelmode=driving&dir_action=navigate&waypoints=50.4878534,30.3941866",https://waze.com/ul?ll=50.4878534%2C30.3941866&navigate=yes
4,Маршрут №4,9,"Фініш — ТСЦ МВС 8042, вул. Мрії, 19",Маршрут №4. Завершення маршруту,50.4866144,30.3942564,"https://www.google.com/maps/search/?api=1&query=50.4866144,30.3942564","https://www.google.com/maps/dir/?api=1&destination=50.4866144,30.3942564&travelmode=driving&dir_action=navigate",https://waze.com/ul?ll=50.4866144%2C30.3942564&navigate=yes
5,Маршрут №5,1,"Старт — ТСЦ МВС 8042, вул. Мрії, 19",Маршрут №5. Початок маршруту,50.4866718,30.3940689,"https://www.google.com/maps/search/?api=1&query=50.4866718,30.3940689","https://www.google.com/maps/dir/?api=1&destination=50.4865714,30.3943052&travelmode=driving&dir_action=navigate&waypoints=50.4866718,30.3940689|50.4862406,30.3961152|50.4865564,30.3954339|50.4813582,30.4065793|50.4699381,30.4058279|50.4821696,30.4051154|50.4872997,30.3943978",https://waze.com/ul?ll=50.4866718%2C30.3940689&navigate=yes
5,Маршрут №5,2,Коло Мрії / Стеценка — в’їзд для проїзду прямо,Маршрут №5. Розворот по колу 1,50.4862406,30.3961152,"https://www.google.com/maps/search/?api=1&query=50.4862406,30.3961152","https://www.google.com/maps/dir/?api=1&destination=50.4865714,30.3943052&travelmode=driving&dir_action=navigate&waypoints=50.4862406,30.3961152|50.4865564,30.3954339|50.4813582,30.4065793|50.4699381,30.4058279|50.4821696,30.4051154|50.4872997,30.3943978",https://waze.com/ul?ll=50.4862406%2C30.3961152&navigate=yes
5,Маршрут №5,3,Коло Мрії / Стеценка — виїзд після проїзду прямо,Маршрут №5. Розворот по колу 2,50.4865564,30.3954339,"https://www.google.com/maps/search/?api=1&query=50.4865564,30.3954339","https://www.google.com/maps/dir/?api=1&destination=50.4865714,30.3943052&travelmode=driving&dir_action=navigate&waypoints=50.4865564,30.3954339|50.4813582,30.4065793|50.4699381,30.4058279|50.4821696,30.4051154|50.4872997,30.3943978",https://waze.com/ul?ll=50.4865564%2C30.3954339&navigate=yes
5,Маршрут №5,4,Район Данила Щербаківського / Марченка — розворот,Маршрут №5. Розворот на Марченка,50.4813582,30.4065793,"https://www.google.com/maps/search/?api=1&query=50.4813582,30.4065793","https://www.google.com/maps/dir/?api=1&destination=50.4865714,30.3943052&travelmode=driving&dir_action=navigate&waypoints=50.4813582,30.4065793|50.4699381,30.4058279|50.4821696,30.4051154|50.4872997,30.3943978",https://waze.com/ul?ll=50.4813582%2C30.4065793&navigate=yes
5,Маршрут №5,5,Розворот на вул. Ружинській,Маршрут №5. Розворот на Ружинській,50.4699381,30.4058279,"https://www.google.com/maps/search/?api=1&query=50.4699381,30.4058279","https://www.google.com/maps/dir/?api=1&destination=50.4865714,30.3943052&travelmode=driving&dir_action=navigate&waypoints=50.4699381,30.4058279|50.4821696,30.4051154|50.4872997,30.3943978",https://waze.com/ul?ll=50.4699381%2C30.4058279&navigate=yes
5,Маршрут №5,6,Район Данила Щербаківського / Марченка — поворот,Маршрут №5. Поворот на Марченка,50.4821696,30.4051154,"https://www.google.com/maps/search/?api=1&query=50.4821696,30.4051154","https://www.google.com/maps/dir/?api=1&destination=50.4865714,30.3943052&travelmode=driving&dir_action=navigate&waypoints=50.4821696,30.4051154|50.4872997,30.3943978",https://waze.com/ul?ll=50.4821696%2C30.4051154&navigate=yes
5,Маршрут №5,7,Заїзд до ТСЦ МВС 8042 з вул. Стеценка,Маршрут №5. Поворот на СЦ,50.4872997,30.3943978,"https://www.google.com/maps/search/?api=1&query=50.4872997,30.3943978","https://www.google.com/maps/dir/?api=1&destination=50.4865714,30.3943052&travelmode=driving&dir_action=navigate&waypoints=50.4872997,30.3943978",https://waze.com/ul?ll=50.4872997%2C30.3943978&navigate=yes
5,Маршрут №5,8,"Фініш — ТСЦ МВС 8042, вул. Мрії, 19",Маршрут №5. Завершення маршруту,50.4865714,30.3943052,"https://www.google.com/maps/search/?api=1&query=50.4865714,30.3943052","https://www.google.com/maps/dir/?api=1&destination=50.4865714,30.3943052&travelmode=driving&dir_action=navigate",https://waze.com/ul?ll=50.4865714%2C30.3943052&navigate=yes
6,Маршрут №6,1,"Старт — ТСЦ МВС 8042, вул. Мрії, 19",Маршрут №6. Початок маршруту,50.4866362,30.3941282,"https://www.google.com/maps/search/?api=1&query=50.4866362,30.3941282","https://www.google.com/maps/dir/?api=1&destination=50.4865177,30.3944411&travelmode=driving&dir_action=navigate&waypoints=50.4866362,30.3941282|50.4862983,30.3961291|50.4865611,30.3953834|50.4814608,30.3957471|50.4862876,30.3964085|50.4811924,30.4069666|50.4814989,30.4018875|50.4862451,30.3960940",https://waze.com/ul?ll=50.4866362%2C30.3941282&navigate=yes
6,Маршрут №6,2,Коло Мрії / Стеценка — в’їзд для проїзду прямо,Маршрут №6. Розворот по колу 1,50.4862983,30.3961291,"https://www.google.com/maps/search/?api=1&query=50.4862983,30.3961291","https://www.google.com/maps/dir/?api=1&destination=50.4865177,30.3944411&travelmode=driving&dir_action=navigate&waypoints=50.4862983,30.3961291|50.4865611,30.3953834|50.4814608,30.3957471|50.4862876,30.3964085|50.4811924,30.4069666|50.4814989,30.4018875|50.4862451,30.3960940",https://waze.com/ul?ll=50.4862983%2C30.3961291&navigate=yes
6,Маршрут №6,3,Коло Мрії / Стеценка — виїзд після проїзду прямо,Маршрут №6. Розворот по колу 2,50.4865611,30.3953834,"https://www.google.com/maps/search/?api=1&query=50.4865611,30.3953834","https://www.google.com/maps/dir/?api=1&destination=50.4865177,30.3944411&travelmode=driving&dir_action=navigate&waypoints=50.4865611,30.3953834|50.4814608,30.3957471|50.4862876,30.3964085|50.4811924,30.4069666|50.4814989,30.4018875|50.4862451,30.3960940",https://waze.com/ul?ll=50.4865611%2C30.3953834&navigate=yes
6,Маршрут №6,4,Розворот на вул. Ігоря Турчина,Маршрут №6. Розворот на Турчини,50.4814608,30.3957471,"https://www.google.com/maps/search/?api=1&query=50.4814608,30.3957471","https://www.google.com/maps/dir/?api=1&destination=50.4865177,30.3944411&travelmode=driving&dir_action=navigate&waypoints=50.4814608,30.3957471|50.4862876,30.3964085|50.4811924,30.4069666|50.4814989,30.4018875|50.4862451,30.3960940",https://waze.com/ul?ll=50.4814608%2C30.3957471&navigate=yes
6,Маршрут №6,5,Коло Мрії / Стеценка — контрольна точка,Маршрут №6. Поворот на Стеценка,50.4862876,30.3964085,"https://www.google.com/maps/search/?api=1&query=50.4862876,30.3964085","https://www.google.com/maps/dir/?api=1&destination=50.4865177,30.3944411&travelmode=driving&dir_action=navigate&waypoints=50.4862876,30.3964085|50.4811924,30.4069666|50.4814989,30.4018875|50.4862451,30.3960940",https://waze.com/ul?ll=50.4862876%2C30.3964085&navigate=yes
6,Маршрут №6,6,Район Данила Щербаківського / Марченка — розворот,Маршрут №6. Розворот на Марченка,50.4811924,30.4069666,"https://www.google.com/maps/search/?api=1&query=50.4811924,30.4069666","https://www.google.com/maps/dir/?api=1&destination=50.4865177,30.3944411&travelmode=driving&dir_action=navigate&waypoints=50.4811924,30.4069666|50.4814989,30.4018875|50.4862451,30.3960940",https://waze.com/ul?ll=50.4811924%2C30.4069666&navigate=yes
6,Маршрут №6,7,Поворот на вул. Ігоря Турчина,Маршрут №6. Поворот на Турчини,50.4814989,30.4018875,"https://www.google.com/maps/search/?api=1&query=50.4814989,30.4018875","https://www.google.com/maps/dir/?api=1&destination=50.4865177,30.3944411&travelmode=driving&dir_action=navigate&waypoints=50.4814989,30.4018875|50.4862451,30.3960940",https://waze.com/ul?ll=50.4814989%2C30.4018875&navigate=yes
6,Маршрут №6,8,Коло Мрії / Стеценка — виїзд на вул. Стеценка,Маршрут №6. Поворот по колу на Стеценка,50.4862451,30.3960940,"https://www.google.com/maps/search/?api=1&query=50.4862451,30.3960940","https://www.google.com/maps/dir/?api=1&destination=50.4865177,30.3944411&travelmode=driving&dir_action=navigate&waypoints=50.4862451,30.3960940",https://waze.com/ul?ll=50.4862451%2C30.3960940&navigate=yes
6,Маршрут №6,9,"Фініш — ТСЦ МВС 8042, вул. Мрії, 19",Маршрут №6. Завершення маршруту,50.4865177,30.3944411,"https://www.google.com/maps/search/?api=1&query=50.4865177,30.3944411","https://www.google.com/maps/dir/?api=1&destination=50.4865177,30.3944411&travelmode=driving&dir_action=navigate",https://waze.com/ul?ll=50.4865177%2C30.3944411&navigate=yes
7,Маршрут №7,1,"Старт — ТСЦ МВС 8042, вул. Мрії, 19",Маршрут №7. Початок маршруту,50.4866570,30.3940810,"https://www.google.com/maps/search/?api=1&query=50.4866570,30.3940810","https://www.google.com/maps/dir/?api=1&destination=50.4865714,30.3943052&travelmode=driving&dir_action=navigate&waypoints=50.4866570,30.3940810|50.4862422,30.3960499|50.4865760,30.3954385|50.4645744,30.3960568|50.4866311,30.3961014|50.4878584,30.3942579",https://waze.com/ul?ll=50.4866570%2C30.3940810&navigate=yes
7,Маршрут №7,2,Коло Мрії / Стеценка — в’їзд для проїзду прямо,Маршрут №7. Розворот по колу 1,50.4862422,30.3960499,"https://www.google.com/maps/search/?api=1&query=50.4862422,30.3960499","https://www.google.com/maps/dir/?api=1&destination=50.4865714,30.3943052&travelmode=driving&dir_action=navigate&waypoints=50.4862422,30.3960499|50.4865760,30.3954385|50.4645744,30.3960568|50.4866311,30.3961014|50.4878584,30.3942579",https://waze.com/ul?ll=50.4862422%2C30.3960499&navigate=yes
7,Маршрут №7,3,Коло Мрії / Стеценка — виїзд після проїзду прямо,Маршрут №7. Розворот по колу 2,50.4865760,30.3954385,"https://www.google.com/maps/search/?api=1&query=50.4865760,30.3954385","https://www.google.com/maps/dir/?api=1&destination=50.4865714,30.3943052&travelmode=driving&dir_action=navigate&waypoints=50.4865760,30.3954385|50.4645744,30.3960568|50.4866311,30.3961014|50.4878584,30.3942579",https://waze.com/ul?ll=50.4865760%2C30.3954385&navigate=yes
7,Маршрут №7,4,Розворот на вул. Естонській,Маршрут №7. Розворот на Естонській,50.4645744,30.3960568,"https://www.google.com/maps/search/?api=1&query=50.4645744,30.3960568","https://www.google.com/maps/dir/?api=1&destination=50.4865714,30.3943052&travelmode=driving&dir_action=navigate&waypoints=50.4645744,30.3960568|50.4866311,30.3961014|50.4878584,30.3942579",https://waze.com/ul?ll=50.4645744%2C30.3960568&navigate=yes
7,Маршрут №7,5,Коло Мрії / Стеценка — виїзд на вул. Стеценка,Маршрут №7. Поворот по колу на Стеценка,50.4866311,30.3961014,"https://www.google.com/maps/search/?api=1&query=50.4866311,30.3961014","https://www.google.com/maps/dir/?api=1&destination=50.4865714,30.3943052&travelmode=driving&dir_action=navigate&waypoints=50.4866311,30.3961014|50.4878584,30.3942579",https://waze.com/ul?ll=50.4866311%2C30.3961014&navigate=yes
7,Маршрут №7,6,Поворот на Сирецько-Садову перед поверненням до ТСЦ,Маршрут №7. Поворот на Сирецько-Садову,50.4878584,30.3942579,"https://www.google.com/maps/search/?api=1&query=50.4878584,30.3942579","https://www.google.com/maps/dir/?api=1&destination=50.4865714,30.3943052&travelmode=driving&dir_action=navigate&waypoints=50.4878584,30.3942579",https://waze.com/ul?ll=50.4878584%2C30.3942579&navigate=yes
7,Маршрут №7,7,"Фініш — ТСЦ МВС 8042, вул. Мрії, 19",Маршрут №7. Завершення маршруту,50.4865714,30.3943052,"https://www.google.com/maps/search/?api=1&query=50.4865714,30.3943052","https://www.google.com/maps/dir/?api=1&destination=50.4865714,30.3943052&travelmode=driving&dir_action=navigate",https://waze.com/ul?ll=50.4865714%2C30.3943052&navigate=yes
8,Маршрут №8,1,"Старт — ТСЦ МВС 8042, вул. Мрії, 19",Маршрут №8. Початок маршруту,50.4866718,30.3940689,"https://www.google.com/maps/search/?api=1&query=50.4866718,30.3940689","https://www.google.com/maps/dir/?api=1&destination=50.4865805,30.3942459&travelmode=driving&dir_action=navigate&waypoints=50.4866718,30.3940689|50.4862422,30.3960499|50.4865225,30.3953970|50.4982961,30.3653566|50.4970677,30.3661934|50.4862465,30.3962218|50.4878561,30.3942440",https://waze.com/ul?ll=50.4866718%2C30.3940689&navigate=yes
8,Маршрут №8,2,Коло Мрії / Стеценка — в’їзд для проїзду прямо,Маршрут №8. Розворот по колу 1,50.4862422,30.3960499,"https://www.google.com/maps/search/?api=1&query=50.4862422,30.3960499","https://www.google.com/maps/dir/?api=1&destination=50.4865805,30.3942459&travelmode=driving&dir_action=navigate&waypoints=50.4862422,30.3960499|50.4865225,30.3953970|50.4982961,30.3653566|50.4970677,30.3661934|50.4862465,30.3962218|50.4878561,30.3942440",https://waze.com/ul?ll=50.4862422%2C30.3960499&navigate=yes
8,Маршрут №8,3,Коло Мрії / Стеценка — виїзд після проїзду прямо,Маршрут №8. Розворот по колу 2,50.4865225,30.3953970,"https://www.google.com/maps/search/?api=1&query=50.4865225,30.3953970","https://www.google.com/maps/dir/?api=1&destination=50.4865805,30.3942459&travelmode=driving&dir_action=navigate&waypoints=50.4865225,30.3953970|50.4982961,30.3653566|50.4970677,30.3661934|50.4862465,30.3962218|50.4878561,30.3942440",https://waze.com/ul?ll=50.4865225%2C30.3953970&navigate=yes
8,Маршрут №8,4,Виїзд у напрямку Кільцевої дороги,Маршрут №8. Виїзд на Кільцеву,50.4982961,30.3653566,"https://www.google.com/maps/search/?api=1&query=50.4982961,30.3653566","https://www.google.com/maps/dir/?api=1&destination=50.4865805,30.3942459&travelmode=driving&dir_action=navigate&waypoints=50.4982961,30.3653566|50.4970677,30.3661934|50.4862465,30.3962218|50.4878561,30.3942440",https://waze.com/ul?ll=50.4982961%2C30.3653566&navigate=yes
8,Маршрут №8,5,Вул. Стеценка — розворот,Маршрут №8. Розворот на Стеценка,50.4970677,30.3661934,"https://www.google.com/maps/search/?api=1&query=50.4970677,30.3661934","https://www.google.com/maps/dir/?api=1&destination=50.4865805,30.3942459&travelmode=driving&dir_action=navigate&waypoints=50.4970677,30.3661934|50.4862465,30.3962218|50.4878561,30.3942440",https://waze.com/ul?ll=50.4970677%2C30.3661934&navigate=yes
8,Маршрут №8,6,Коло Мрії / Стеценка — проїзд по колу,Маршрут №8. Розворот по колу,50.4862465,30.3962218,"https://www.google.com/maps/search/?api=1&query=50.4862465,30.3962218","https://www.google.com/maps/dir/?api=1&destination=50.4865805,30.3942459&travelmode=driving&dir_action=navigate&waypoints=50.4862465,30.3962218|50.4878561,30.3942440",https://waze.com/ul?ll=50.4862465%2C30.3962218&navigate=yes
8,Маршрут №8,7,Поворот на Сирецько-Садову перед поверненням до ТСЦ,Маршрут №8. Поворот на Сирецько-Садову,50.4878561,30.3942440,"https://www.google.com/maps/search/?api=1&query=50.4878561,30.3942440","https://www.google.com/maps/dir/?api=1&destination=50.4865805,30.3942459&travelmode=driving&dir_action=navigate&waypoints=50.4878561,30.3942440",https://waze.com/ul?ll=50.4878561%2C30.3942440&navigate=yes
8,Маршрут №8,8,"Фініш — ТСЦ МВС 8042, вул. Мрії, 19",Маршрут №8. Завершення маршруту,50.4865805,30.3942459,"https://www.google.com/maps/search/?api=1&query=50.4865805,30.3942459","https://www.google.com/maps/dir/?api=1&destination=50.4865805,30.3942459&travelmode=driving&dir_action=navigate",https://waze.com/ul?ll=50.4865805%2C30.3942459&navigate=yes
9,Маршрут №9,1,"Старт — ТСЦ МВС 8042, вул. Мрії, 19",Маршрут №9. Початок маршруту,50.4866362,30.3941282,"https://www.google.com/maps/search/?api=1&query=50.4866362,30.3941282","https://www.google.com/maps/dir/?api=1&destination=50.4865086,30.3944576&travelmode=driving&dir_action=navigate&waypoints=50.4866362,30.3941282|50.4862422,30.3960499|50.4865760,30.3954385|50.4814682,30.3960054|50.4809598,30.4062730|50.4657908,30.4149446|50.4678463,30.4156098|50.4811307,30.4070384|50.4878857,30.3942819",https://waze.com/ul?ll=50.4866362%2C30.3941282&navigate=yes
9,Маршрут №9,2,Коло Мрії / Стеценка — в’їзд для проїзду прямо,Маршрут №9. Розворот по колу 1,50.4862422,30.3960499,"https://www.google.com/maps/search/?api=1&query=50.4862422,30.3960499","https://www.google.com/maps/dir/?api=1&destination=50.4865086,30.3944576&travelmode=driving&dir_action=navigate&waypoints=50.4862422,30.3960499|50.4865760,30.3954385|50.4814682,30.3960054|50.4809598,30.4062730|50.4657908,30.4149446|50.4678463,30.4156098|50.4811307,30.4070384|50.4878857,30.3942819",https://waze.com/ul?ll=50.4862422%2C30.3960499&navigate=yes
9,Маршрут №9,3,Коло Мрії / Стеценка — виїзд після проїзду прямо,Маршрут №9. Розворот по колу 2,50.4865760,30.3954385,"https://www.google.com/maps/search/?api=1&query=50.4865760,30.3954385","https://www.google.com/maps/dir/?api=1&destination=50.4865086,30.3944576&travelmode=driving&dir_action=navigate&waypoints=50.4865760,30.3954385|50.4814682,30.3960054|50.4809598,30.4062730|50.4657908,30.4149446|50.4678463,30.4156098|50.4811307,30.4070384|50.4878857,30.3942819",https://waze.com/ul?ll=50.4865760%2C30.3954385&navigate=yes
9,Маршрут №9,4,Поворот на вул. Ігоря Турчина,Маршрут №9. Поворот на Турчина,50.4814682,30.3960054,"https://www.google.com/maps/search/?api=1&query=50.4814682,30.3960054","https://www.google.com/maps/dir/?api=1&destination=50.4865086,30.3944576&travelmode=driving&dir_action=navigate&waypoints=50.4814682,30.3960054|50.4809598,30.4062730|50.4657908,30.4149446|50.4678463,30.4156098|50.4811307,30.4070384|50.4878857,30.3942819",https://waze.com/ul?ll=50.4814682%2C30.3960054&navigate=yes
9,Маршрут №9,5,Район Данила Щербаківського / Марченка — розворот,Маршрут №9. Виїзд на Марченка,50.4809598,30.4062730,"https://www.google.com/maps/search/?api=1&query=50.4809598,30.4062730","https://www.google.com/maps/dir/?api=1&destination=50.4865086,30.3944576&travelmode=driving&dir_action=navigate&waypoints=50.4809598,30.4062730|50.4657908,30.4149446|50.4678463,30.4156098|50.4811307,30.4070384|50.4878857,30.3942819",https://waze.com/ul?ll=50.4809598%2C30.4062730&navigate=yes
9,Маршрут №9,6,Виїзд на вул. Януша Корчака,Маршрут №9. Виїзд на Корчака,50.4657908,30.4149446,"https://www.google.com/maps/search/?api=1&query=50.4657908,30.4149446","https://www.google.com/maps/dir/?api=1&destination=50.4865086,30.3944576&travelmode=driving&dir_action=navigate&waypoints=50.4657908,30.4149446|50.4678463,30.4156098|50.4811307,30.4070384|50.4878857,30.3942819",https://waze.com/ul?ll=50.4657908%2C30.4149446&navigate=yes
9,Маршрут №9,7,Розворот у районі вул. Голди Меїр,Маршрут №9. Розворот через Меїр,50.4678463,30.4156098,"https://www.google.com/maps/search/?api=1&query=50.4678463,30.4156098","https://www.google.com/maps/dir/?api=1&destination=50.4865086,30.3944576&travelmode=driving&dir_action=navigate&waypoints=50.4678463,30.4156098|50.4811307,30.4070384|50.4878857,30.3942819",https://waze.com/ul?ll=50.4678463%2C30.4156098&navigate=yes
9,Маршрут №9,8,Район Данила Щербаківського / Марченка — розворот,Маршрут №9. Виїзд на Марченка,50.4811307,30.4070384,"https://www.google.com/maps/search/?api=1&query=50.4811307,30.4070384","https://www.google.com/maps/dir/?api=1&destination=50.4865086,30.3944576&travelmode=driving&dir_action=navigate&waypoints=50.4811307,30.4070384|50.4878857,30.3942819",https://waze.com/ul?ll=50.4811307%2C30.4070384&navigate=yes
9,Маршрут №9,9,Сирецько-Садова — повернення до ТСЦ,Маршрут №9. Поворот через Сирецько-Садову,50.4878857,30.3942819,"https://www.google.com/maps/search/?api=1&query=50.4878857,30.3942819","https://www.google.com/maps/dir/?api=1&destination=50.4865086,30.3944576&travelmode=driving&dir_action=navigate&waypoints=50.4878857,30.3942819",https://waze.com/ul?ll=50.4878857%2C30.3942819&navigate=yes
9,Маршрут №9,10,"Фініш — ТСЦ МВС 8042, вул. Мрії, 19",Маршрут №9. Завершення Маршруту,50.4865086,30.3944576,"https://www.google.com/maps/search/?api=1&query=50.4865086,30.3944576","https://www.google.com/maps/dir/?api=1&destination=50.4865086,30.3944576&travelmode=driving&dir_action=navigate",https://waze.com/ul?ll=50.4865086%2C30.3944576&navigate=yes
10,Маршрут №10,1,"Старт — ТСЦ МВС 8042, вул. Мрії, 19",Маршрут №10. Початок маршруту,50.4866211,30.3941531,"https://www.google.com/maps/search/?api=1&query=50.4866211,30.3941531","https://www.google.com/maps/dir/?api=1&destination=50.4865177,30.3944411&travelmode=driving&dir_action=navigate&waypoints=50.4866211,30.3941531|50.4862422,30.3960499|50.4865760,30.3954385|50.4719594,30.3987898|50.4698503,30.4065359|50.4711638,30.4148078|50.4728394,30.3959690|50.4866930,30.3960824|50.4878584,30.3942579",https://waze.com/ul?ll=50.4866211%2C30.3941531&navigate=yes
10,Маршрут №10,2,Коло Мрії / Стеценка — в’їзд для проїзду прямо,Маршрут №10. Розворот по колу 1,50.4862422,30.3960499,"https://www.google.com/maps/search/?api=1&query=50.4862422,30.3960499","https://www.google.com/maps/dir/?api=1&destination=50.4865177,30.3944411&travelmode=driving&dir_action=navigate&waypoints=50.4862422,30.3960499|50.4865760,30.3954385|50.4719594,30.3987898|50.4698503,30.4065359|50.4711638,30.4148078|50.4728394,30.3959690|50.4866930,30.3960824|50.4878584,30.3942579",https://waze.com/ul?ll=50.4862422%2C30.3960499&navigate=yes
10,Маршрут №10,3,Коло Мрії / Стеценка — виїзд після проїзду прямо,Маршрут №10. Розворот по колу 2,50.4865760,30.3954385,"https://www.google.com/maps/search/?api=1&query=50.4865760,30.3954385","https://www.google.com/maps/dir/?api=1&destination=50.4865177,30.3944411&travelmode=driving&dir_action=navigate&waypoints=50.4865760,30.3954385|50.4719594,30.3987898|50.4698503,30.4065359|50.4711638,30.4148078|50.4728394,30.3959690|50.4866930,30.3960824|50.4878584,30.3942579",https://waze.com/ul?ll=50.4865760%2C30.3954385&navigate=yes
10,Маршрут №10,4,Поворот на вул. Салютній,Маршрут №10. Поворот на Салютну,50.4719594,30.3987898,"https://www.google.com/maps/search/?api=1&query=50.4719594,30.3987898","https://www.google.com/maps/dir/?api=1&destination=50.4865177,30.3944411&travelmode=driving&dir_action=navigate&waypoints=50.4719594,30.3987898|50.4698503,30.4065359|50.4711638,30.4148078|50.4728394,30.3959690|50.4866930,30.3960824|50.4878584,30.3942579",https://waze.com/ul?ll=50.4719594%2C30.3987898&navigate=yes
10,Маршрут №10,5,Поворот на вул. Ружинську,Маршрут №10. Поворот на Ружинську,50.4698503,30.4065359,"https://www.google.com/maps/search/?api=1&query=50.4698503,30.4065359","https://www.google.com/maps/dir/?api=1&destination=50.4865177,30.3944411&travelmode=driving&dir_action=navigate&waypoints=50.4698503,30.4065359|50.4711638,30.4148078|50.4728394,30.3959690|50.4866930,30.3960824|50.4878584,30.3942579",https://waze.com/ul?ll=50.4698503%2C30.4065359&navigate=yes
10,Маршрут №10,6,Поворот на вул. Вірського,Маршрут №10. Поворот на Вірського,50.4711638,30.4148078,"https://www.google.com/maps/search/?api=1&query=50.4711638,30.4148078","https://www.google.com/maps/dir/?api=1&destination=50.4865177,30.3944411&travelmode=driving&dir_action=navigate&waypoints=50.4711638,30.4148078|50.4728394,30.3959690|50.4866930,30.3960824|50.4878584,30.3942579",https://waze.com/ul?ll=50.4711638%2C30.4148078&navigate=yes
10,Маршрут №10,7,Поворот на вул. Мрії,Маршрут №10. Поворот на Мрії,50.4728394,30.3959690,"https://www.google.com/maps/search/?api=1&query=50.4728394,30.3959690","https://www.google.com/maps/dir/?api=1&destination=50.4865177,30.3944411&travelmode=driving&dir_action=navigate&waypoints=50.4728394,30.3959690|50.4866930,30.3960824|50.4878584,30.3942579",https://waze.com/ul?ll=50.4728394%2C30.3959690&navigate=yes
10,Маршрут №10,8,Коло Мрії / Стеценка — виїзд на вул. Стеценка,Маршрут №10. Поворот по колу на Стеценка,50.4866930,30.3960824,"https://www.google.com/maps/search/?api=1&query=50.4866930,30.3960824","https://www.google.com/maps/dir/?api=1&destination=50.4865177,30.3944411&travelmode=driving&dir_action=navigate&waypoints=50.4866930,30.3960824|50.4878584,30.3942579",https://waze.com/ul?ll=50.4866930%2C30.3960824&navigate=yes
10,Маршрут №10,9,Поворот на Сирецько-Садову перед поверненням до ТСЦ,Маршрут №10. Поворот на Сирецько-Садову,50.4878584,30.3942579,"https://www.google.com/maps/search/?api=1&query=50.4878584,30.3942579","https://www.google.com/maps/dir/?api=1&destination=50.4865177,30.3944411&travelmode=driving&dir_action=navigate&waypoints=50.4878584,30.3942579",https://waze.com/ul?ll=50.4878584%2C30.3942579&navigate=yes
10,Маршрут №10,10,"Фініш — ТСЦ МВС 8042, вул. Мрії, 19",Маршрут №10. Завершення маршруту,50.4865177,30.3944411,"https://www.google.com/maps/search/?api=1&query=50.4865177,30.3944411","https://www.google.com/maps/dir/?api=1&destination=50.4865177,30.3944411&travelmode=driving&dir_action=navigate",https://waze.com/ul?ll=50.4865177%2C30.3944411&navigate=yes
11,Маршрут №11,1,"Старт — ТСЦ МВС 8042, вул. Мрії, 19",Маршрут №11. Початок маршруту,50.4866331,30.3941481,"https://www.google.com/maps/search/?api=1&query=50.4866331,30.3941481","https://www.google.com/maps/dir/?api=1&destination=50.4865996,30.3943478&travelmode=driving&dir_action=navigate&waypoints=50.4866331,30.3941481|50.4862338,30.3961061|50.4865785,30.3954329|50.4815364,30.3957447|50.4878849,30.3942697|50.4912993,30.3841608|50.4877703,30.3915369|50.4862276,30.3960376|50.4878727,30.3941923",https://waze.com/ul?ll=50.4866331%2C30.3941481&navigate=yes
11,Маршрут №11,2,Коло Мрії / Стеценка — в’їзд для проїзду прямо,Маршрут №11. Розворот по колу 1,50.4862338,30.3961061,"https://www.google.com/maps/search/?api=1&query=50.4862338,30.3961061","https://www.google.com/maps/dir/?api=1&destination=50.4865996,30.3943478&travelmode=driving&dir_action=navigate&waypoints=50.4862338,30.3961061|50.4865785,30.3954329|50.4815364,30.3957447|50.4878849,30.3942697|50.4912993,30.3841608|50.4877703,30.3915369|50.4862276,30.3960376|50.4878727,30.3941923",https://waze.com/ul?ll=50.4862338%2C30.3961061&navigate=yes
11,Маршрут №11,3,Коло Мрії / Стеценка — виїзд після проїзду прямо,Маршрут №11. Розворот по колу 2,50.4865785,30.3954329,"https://www.google.com/maps/search/?api=1&query=50.4865785,30.3954329","https://www.google.com/maps/dir/?api=1&destination=50.4865996,30.3943478&travelmode=driving&dir_action=navigate&waypoints=50.4865785,30.3954329|50.4815364,30.3957447|50.4878849,30.3942697|50.4912993,30.3841608|50.4877703,30.3915369|50.4862276,30.3960376|50.4878727,30.3941923",https://waze.com/ul?ll=50.4865785%2C30.3954329&navigate=yes
11,Маршрут №11,4,Розворот на вул. Ігоря Турчина,Маршрут №11. Розворот на Турчина,50.4815364,30.3957447,"https://www.google.com/maps/search/?api=1&query=50.4815364,30.3957447","https://www.google.com/maps/dir/?api=1&destination=50.4865996,30.3943478&travelmode=driving&dir_action=navigate&waypoints=50.4815364,30.3957447|50.4878849,30.3942697|50.4912993,30.3841608|50.4877703,30.3915369|50.4862276,30.3960376|50.4878727,30.3941923",https://waze.com/ul?ll=50.4815364%2C30.3957447&navigate=yes
11,Маршрут №11,5,Поворот на Сирецько-Садову перед поверненням до ТСЦ,Маршрут №11. Поворот на Сирецько-Садову,50.4878849,30.3942697,"https://www.google.com/maps/search/?api=1&query=50.4878849,30.3942697","https://www.google.com/maps/dir/?api=1&destination=50.4865996,30.3943478&travelmode=driving&dir_action=navigate&waypoints=50.4878849,30.3942697|50.4912993,30.3841608|50.4877703,30.3915369|50.4862276,30.3960376|50.4878727,30.3941923",https://waze.com/ul?ll=50.4878849%2C30.3942697&navigate=yes
11,Маршрут №11,6,Розворот / контрольна точка,Маршрут №11. Розворот,50.4912993,30.3841608,"https://www.google.com/maps/search/?api=1&query=50.4912993,30.3841608","https://www.google.com/maps/dir/?api=1&destination=50.4865996,30.3943478&travelmode=driving&dir_action=navigate&waypoints=50.4912993,30.3841608|50.4877703,30.3915369|50.4862276,30.3960376|50.4878727,30.3941923",https://waze.com/ul?ll=50.4912993%2C30.3841608&navigate=yes
11,Маршрут №11,7,Вул. Стеценка — об’їзд через парковку,Маршрут №11. Поворот через парковку,50.4877703,30.3915369,"https://www.google.com/maps/search/?api=1&query=50.4877703,30.3915369","https://www.google.com/maps/dir/?api=1&destination=50.4865996,30.3943478&travelmode=driving&dir_action=navigate&waypoints=50.4877703,30.3915369|50.4862276,30.3960376|50.4878727,30.3941923",https://waze.com/ul?ll=50.4877703%2C30.3915369&navigate=yes
11,Маршрут №11,8,Коло Мрії / Стеценка — проїзд по колу,Маршрут №11. Розворот по колу,50.4862276,30.3960376,"https://www.google.com/maps/search/?api=1&query=50.4862276,30.3960376","https://www.google.com/maps/dir/?api=1&destination=50.4865996,30.3943478&travelmode=driving&dir_action=navigate&waypoints=50.4862276,30.3960376|50.4878727,30.3941923",https://waze.com/ul?ll=50.4862276%2C30.3960376&navigate=yes
11,Маршрут №11,9,Поворот на Сирецько-Садову перед поверненням до ТСЦ,Маршрут №11. Поворот на Сирецько-Садову,50.4878727,30.3941923,"https://www.google.com/maps/search/?api=1&query=50.4878727,30.3941923","https://www.google.com/maps/dir/?api=1&destination=50.4865996,30.3943478&travelmode=driving&dir_action=navigate&waypoints=50.4878727,30.3941923",https://waze.com/ul?ll=50.4878727%2C30.3941923&navigate=yes
11,Маршрут №11,10,"Фініш — ТСЦ МВС 8042, вул. Мрії, 19",Маршрут №11. Завершення маршруту,50.4865996,30.3943478,"https://www.google.com/maps/search/?api=1&query=50.4865996,30.3943478","https://www.google.com/maps/dir/?api=1&destination=50.4865996,30.3943478&travelmode=driving&dir_action=navigate",https://waze.com/ul?ll=50.4865996%2C30.3943478&navigate=yes
12,Маршрут №12,1,"Старт — ТСЦ МВС 8042, вул. Мрії, 19",Маршрут №12. Початок маршруту,50.4866150,30.3941869,"https://www.google.com/maps/search/?api=1&query=50.4866150,30.3941869","https://www.google.com/maps/dir/?api=1&destination=50.4864722,30.3944958&travelmode=driving&dir_action=navigate&waypoints=50.4866150,30.3941869|50.4862336,30.3960859|50.4865872,30.3954419|50.4813180,30.4066894|50.4815194,30.4020576|50.4823421,30.3957598|50.4912459,30.3843160|50.4889941,30.3891474",https://waze.com/ul?ll=50.4866150%2C30.3941869&navigate=yes
12,Маршрут №12,2,Коло Мрії / Стеценка — в’їзд для проїзду прямо,Маршрут №12. Розворот по колу 1,50.4862336,30.3960859,"https://www.google.com/maps/search/?api=1&query=50.4862336,30.3960859","https://www.google.com/maps/dir/?api=1&destination=50.4864722,30.3944958&travelmode=driving&dir_action=navigate&waypoints=50.4862336,30.3960859|50.4865872,30.3954419|50.4813180,30.4066894|50.4815194,30.4020576|50.4823421,30.3957598|50.4912459,30.3843160|50.4889941,30.3891474",https://waze.com/ul?ll=50.4862336%2C30.3960859&navigate=yes
12,Маршрут №12,3,Коло Мрії / Стеценка — виїзд після проїзду прямо,Маршрут №12. Розворот по колу 2,50.4865872,30.3954419,"https://www.google.com/maps/search/?api=1&query=50.4865872,30.3954419","https://www.google.com/maps/dir/?api=1&destination=50.4864722,30.3944958&travelmode=driving&dir_action=navigate&waypoints=50.4865872,30.3954419|50.4813180,30.4066894|50.4815194,30.4020576|50.4823421,30.3957598|50.4912459,30.3843160|50.4889941,30.3891474",https://waze.com/ul?ll=50.4865872%2C30.3954419&navigate=yes
12,Маршрут №12,4,Район Данила Щербаківського / Марченка — розворот,Маршрут №12. Розворот на Марченка,50.4813180,30.4066894,"https://www.google.com/maps/search/?api=1&query=50.4813180,30.4066894","https://www.google.com/maps/dir/?api=1&destination=50.4864722,30.3944958&travelmode=driving&dir_action=navigate&waypoints=50.4813180,30.4066894|50.4815194,30.4020576|50.4823421,30.3957598|50.4912459,30.3843160|50.4889941,30.3891474",https://waze.com/ul?ll=50.4813180%2C30.4066894&navigate=yes
12,Маршрут №12,5,Поворот на вул. Ігоря Турчина,Маршрут №12. Поворот на Турчина,50.4815194,30.4020576,"https://www.google.com/maps/search/?api=1&query=50.4815194,30.4020576","https://www.google.com/maps/dir/?api=1&destination=50.4864722,30.3944958&travelmode=driving&dir_action=navigate&waypoints=50.4815194,30.4020576|50.4823421,30.3957598|50.4912459,30.3843160|50.4889941,30.3891474",https://waze.com/ul?ll=50.4815194%2C30.4020576&navigate=yes
12,Маршрут №12,6,Поворот на вул. Мрії,Маршрут №12. Поворот на Мрії,50.4823421,30.3957598,"https://www.google.com/maps/search/?api=1&query=50.4823421,30.3957598","https://www.google.com/maps/dir/?api=1&destination=50.4864722,30.3944958&travelmode=driving&dir_action=navigate&waypoints=50.4823421,30.3957598|50.4912459,30.3843160|50.4889941,30.3891474",https://waze.com/ul?ll=50.4823421%2C30.3957598&navigate=yes
12,Маршрут №12,7,Вул. Стеценка — розворот,Маршрут №12. Розворот на Стеценка,50.4912459,30.3843160,"https://www.google.com/maps/search/?api=1&query=50.4912459,30.3843160","https://www.google.com/maps/dir/?api=1&destination=50.4864722,30.3944958&travelmode=driving&dir_action=navigate&waypoints=50.4912459,30.3843160|50.4889941,30.3891474",https://waze.com/ul?ll=50.4912459%2C30.3843160&navigate=yes
12,Маршрут №12,8,Вул. Стеценка — об’їзд / контрольна точка,Маршрут №12. Обїзд на Стеценка,50.4889941,30.3891474,"https://www.google.com/maps/search/?api=1&query=50.4889941,30.3891474","https://www.google.com/maps/dir/?api=1&destination=50.4864722,30.3944958&travelmode=driving&dir_action=navigate&waypoints=50.4889941,30.3891474",https://waze.com/ul?ll=50.4889941%2C30.3891474&navigate=yes
12,Маршрут №12,9,"Фініш — ТСЦ МВС 8042, вул. Мрії, 19",Маршрут №12. Завершення маршруту,50.4864722,30.3944958,"https://www.google.com/maps/search/?api=1&query=50.4864722,30.3944958","https://www.google.com/maps/dir/?api=1&destination=50.4864722,30.3944958&travelmode=driving&dir_action=navigate",https://waze.com/ul?ll=50.4864722%2C30.3944958&navigate=yes
13,Маршрут №13,1,"Старт — ТСЦ МВС 8042, вул. Мрії, 19",Маршрут №13. Початок маршруту,50.4866865,30.3940478,"https://www.google.com/maps/search/?api=1&query=50.4866865,30.3940478","https://www.google.com/maps/dir/?api=1&destination=50.4865635,30.3944445&travelmode=driving&dir_action=navigate&waypoints=50.4866865,30.3940478|50.4862564,30.3961078|50.4865785,30.3954329|50.4812652,30.4068151|50.4816885,30.4025796|50.4821459,30.3957668|50.4868829,30.3956604|50.4912720,30.3843146",https://waze.com/ul?ll=50.4866865%2C30.3940478&navigate=yes
13,Маршрут №13,2,Коло Мрії / Стеценка — в’їзд для проїзду прямо,Маршрут №13. Розворот по колу 1,50.4862564,30.3961078,"https://www.google.com/maps/search/?api=1&query=50.4862564,30.3961078","https://www.google.com/maps/dir/?api=1&destination=50.4865635,30.3944445&travelmode=driving&dir_action=navigate&waypoints=50.4862564,30.3961078|50.4865785,30.3954329|50.4812652,30.4068151|50.4816885,30.4025796|50.4821459,30.3957668|50.4868829,30.3956604|50.4912720,30.3843146",https://waze.com/ul?ll=50.4862564%2C30.3961078&navigate=yes
13,Маршрут №13,3,Коло Мрії / Стеценка — виїзд після проїзду прямо,Маршрут №13. Розворот по колу 2,50.4865785,30.3954329,"https://www.google.com/maps/search/?api=1&query=50.4865785,30.3954329","https://www.google.com/maps/dir/?api=1&destination=50.4865635,30.3944445&travelmode=driving&dir_action=navigate&waypoints=50.4865785,30.3954329|50.4812652,30.4068151|50.4816885,30.4025796|50.4821459,30.3957668|50.4868829,30.3956604|50.4912720,30.3843146",https://waze.com/ul?ll=50.4865785%2C30.3954329&navigate=yes
13,Маршрут №13,4,Район Данила Щербаківського / Марченка — розворот,Маршрут №13. Розворот по Марченка,50.4812652,30.4068151,"https://www.google.com/maps/search/?api=1&query=50.4812652,30.4068151","https://www.google.com/maps/dir/?api=1&destination=50.4865635,30.3944445&travelmode=driving&dir_action=navigate&waypoints=50.4812652,30.4068151|50.4816885,30.4025796|50.4821459,30.3957668|50.4868829,30.3956604|50.4912720,30.3843146",https://waze.com/ul?ll=50.4812652%2C30.4068151&navigate=yes
13,Маршрут №13,5,Поворот на вул. Ігоря Турчина,Маршрут №13. Поворот на Турчини,50.4816885,30.4025796,"https://www.google.com/maps/search/?api=1&query=50.4816885,30.4025796","https://www.google.com/maps/dir/?api=1&destination=50.4865635,30.3944445&travelmode=driving&dir_action=navigate&waypoints=50.4816885,30.4025796|50.4821459,30.3957668|50.4868829,30.3956604|50.4912720,30.3843146",https://waze.com/ul?ll=50.4816885%2C30.4025796&navigate=yes
13,Маршрут №13,6,Поворот на вул. Мрії,Маршрут №13. Поворот на Мрії,50.4821459,30.3957668,"https://www.google.com/maps/search/?api=1&query=50.4821459,30.3957668","https://www.google.com/maps/dir/?api=1&destination=50.4865635,30.3944445&travelmode=driving&dir_action=navigate&waypoints=50.4821459,30.3957668|50.4868829,30.3956604|50.4912720,30.3843146",https://waze.com/ul?ll=50.4821459%2C30.3957668&navigate=yes
13,Маршрут №13,7,Коло Мрії / Стеценка — виїзд на вул. Стеценка,Маршрут №13. Поворот по колу на Стеценка,50.4868829,30.3956604,"https://www.google.com/maps/search/?api=1&query=50.4868829,30.3956604","https://www.google.com/maps/dir/?api=1&destination=50.4865635,30.3944445&travelmode=driving&dir_action=navigate&waypoints=50.4868829,30.3956604|50.4912720,30.3843146",https://waze.com/ul?ll=50.4868829%2C30.3956604&navigate=yes
13,Маршрут №13,8,Розворот / контрольна точка,Маршрут №13. Розворот,50.4912720,30.3843146,"https://www.google.com/maps/search/?api=1&query=50.4912720,30.3843146","https://www.google.com/maps/dir/?api=1&destination=50.4865635,30.3944445&travelmode=driving&dir_action=navigate&waypoints=50.4912720,30.3843146",https://waze.com/ul?ll=50.4912720%2C30.3843146&navigate=yes
13,Маршрут №13,9,"Фініш — ТСЦ МВС 8042, вул. Мрії, 19",Маршрут №13. Завершення маршруту,50.4865635,30.3944445,"https://www.google.com/maps/search/?api=1&query=50.4865635,30.3944445","https://www.google.com/maps/dir/?api=1&destination=50.4865635,30.3944445&travelmode=driving&dir_action=navigate",https://waze.com/ul?ll=50.4865635%2C30.3944445&navigate=yes
14,Маршрут №14,1,"Старт — ТСЦ МВС 8042, вул. Мрії, 19",Маршрут №14. Початок маршруту,50.4866301,30.3941763,"https://www.google.com/maps/search/?api=1&query=50.4866301,30.3941763","https://www.google.com/maps/dir/?api=1&destination=50.4865662,30.3943883&travelmode=driving&dir_action=navigate&waypoints=50.4866301,30.3941763|50.4812652,30.4068151|50.4907284,30.4058833|50.4824124,30.4047406|50.4878704,30.3942704",https://waze.com/ul?ll=50.4866301%2C30.3941763&navigate=yes
14,Маршрут №14,2,Поворот на вул. Данила Щербаківського,Маршрут №14. Поворот на Щербаківського,50.4812652,30.4068151,"https://www.google.com/maps/search/?api=1&query=50.4812652,30.4068151","https://www.google.com/maps/dir/?api=1&destination=50.4865662,30.3943883&travelmode=driving&dir_action=navigate&waypoints=50.4812652,30.4068151|50.4907284,30.4058833|50.4824124,30.4047406|50.4878704,30.3942704",https://waze.com/ul?ll=50.4812652%2C30.4068151&navigate=yes
14,Маршрут №14,3,Розворот на вул. Некрасова,Маршрут №14. Розворот на Некрасова,50.4907284,30.4058833,"https://www.google.com/maps/search/?api=1&query=50.4907284,30.4058833","https://www.google.com/maps/dir/?api=1&destination=50.4865662,30.3943883&travelmode=driving&dir_action=navigate&waypoints=50.4907284,30.4058833|50.4824124,30.4047406|50.4878704,30.3942704",https://waze.com/ul?ll=50.4907284%2C30.4058833&navigate=yes
14,Маршрут №14,4,Поворот на вул. Стеценка,Маршрут №14. Поворот на Стеценка,50.4824124,30.4047406,"https://www.google.com/maps/search/?api=1&query=50.4824124,30.4047406","https://www.google.com/maps/dir/?api=1&destination=50.4865662,30.3943883&travelmode=driving&dir_action=navigate&waypoints=50.4824124,30.4047406|50.4878704,30.3942704",https://waze.com/ul?ll=50.4824124%2C30.4047406&navigate=yes
14,Маршрут №14,5,Поворот на Сирецько-Садову перед поверненням до ТСЦ,Маршрут №14. Поворот на Сирецько-Садову,50.4878704,30.3942704,"https://www.google.com/maps/search/?api=1&query=50.4878704,30.3942704","https://www.google.com/maps/dir/?api=1&destination=50.4865662,30.3943883&travelmode=driving&dir_action=navigate&waypoints=50.4878704,30.3942704",https://waze.com/ul?ll=50.4878704%2C30.3942704&navigate=yes
14,Маршрут №14,6,"Фініш — ТСЦ МВС 8042, вул. Мрії, 19",Маршрут №14. Завершення маршруту,50.4865662,30.3943883,"https://www.google.com/maps/search/?api=1&query=50.4865662,30.3943883","https://www.google.com/maps/dir/?api=1&destination=50.4865662,30.3943883&travelmode=driving&dir_action=navigate",https://waze.com/ul?ll=50.4865662%2C30.3943883&navigate=yes
15,Маршрут №15,1,"Старт — ТСЦ МВС 8042, вул. Мрії, 19",Маршрут №15. Початок маршруту,50.4866720,30.3940745,"https://www.google.com/maps/search/?api=1&query=50.4866720,30.3940745","https://www.google.com/maps/dir/?api=1&destination=50.4865635,30.3943272&travelmode=driving&dir_action=navigate&waypoints=50.4866720,30.3940745|50.4862409,30.3960405|50.4865785,30.3954329|50.4584959,30.3960484|50.4575260,30.3880513|50.4581383,30.3988594|50.4605591,30.3960895|50.4866118,30.3961475|50.4878673,30.3942306",https://waze.com/ul?ll=50.4866720%2C30.3940745&navigate=yes
15,Маршрут №15,2,Коло Мрії / Стеценка — в’їзд для проїзду прямо,Маршрут №15. Розворот по колу 1,50.4862409,30.3960405,"https://www.google.com/maps/search/?api=1&query=50.4862409,30.3960405","https://www.google.com/maps/dir/?api=1&destination=50.4865635,30.3943272&travelmode=driving&dir_action=navigate&waypoints=50.4862409,30.3960405|50.4865785,30.3954329|50.4584959,30.3960484|50.4575260,30.3880513|50.4581383,30.3988594|50.4605591,30.3960895|50.4866118,30.3961475|50.4878673,30.3942306",https://waze.com/ul?ll=50.4862409%2C30.3960405&navigate=yes
15,Маршрут №15,3,Коло Мрії / Стеценка — виїзд після проїзду прямо,Маршрут №15. Розворот по колу 2,50.4865785,30.3954329,"https://www.google.com/maps/search/?api=1&query=50.4865785,30.3954329","https://www.google.com/maps/dir/?api=1&destination=50.4865635,30.3943272&travelmode=driving&dir_action=navigate&waypoints=50.4865785,30.3954329|50.4584959,30.3960484|50.4575260,30.3880513|50.4581383,30.3988594|50.4605591,30.3960895|50.4866118,30.3961475|50.4878673,30.3942306",https://waze.com/ul?ll=50.4865785%2C30.3954329&navigate=yes
15,Маршрут №15,4,Поворот на Берестейський просп.,Маршрут №15. Поворот на Берестейський просп.,50.4584959,30.3960484,"https://www.google.com/maps/search/?api=1&query=50.4584959,30.3960484","https://www.google.com/maps/dir/?api=1&destination=50.4865635,30.3943272&travelmode=driving&dir_action=navigate&waypoints=50.4584959,30.3960484|50.4575260,30.3880513|50.4581383,30.3988594|50.4605591,30.3960895|50.4866118,30.3961475|50.4878673,30.3942306",https://waze.com/ul?ll=50.4584959%2C30.3960484&navigate=yes
15,Маршрут №15,5,Розворот через шляхопровід,Маршрут №15. Розворот через шляхопровід,50.4575260,30.3880513,"https://www.google.com/maps/search/?api=1&query=50.4575260,30.3880513","https://www.google.com/maps/dir/?api=1&destination=50.4865635,30.3943272&travelmode=driving&dir_action=navigate&waypoints=50.4575260,30.3880513|50.4581383,30.3988594|50.4605591,30.3960895|50.4866118,30.3961475|50.4878673,30.3942306",https://waze.com/ul?ll=50.4575260%2C30.3880513&navigate=yes
15,Маршрут №15,6,Розворот у районі Нивок,Маршрут №15. Розворот на Нивках,50.4581383,30.3988594,"https://www.google.com/maps/search/?api=1&query=50.4581383,30.3988594","https://www.google.com/maps/dir/?api=1&destination=50.4865635,30.3943272&travelmode=driving&dir_action=navigate&waypoints=50.4581383,30.3988594|50.4605591,30.3960895|50.4866118,30.3961475|50.4878673,30.3942306",https://waze.com/ul?ll=50.4581383%2C30.3988594&navigate=yes
15,Маршрут №15,7,Поворот на вул. Мрії,Маршрут №15. Поворот на Мрії,50.4605591,30.3960895,"https://www.google.com/maps/search/?api=1&query=50.4605591,30.3960895","https://www.google.com/maps/dir/?api=1&destination=50.4865635,30.3943272&travelmode=driving&dir_action=navigate&waypoints=50.4605591,30.3960895|50.4866118,30.3961475|50.4878673,30.3942306",https://waze.com/ul?ll=50.4605591%2C30.3960895&navigate=yes
15,Маршрут №15,8,Коло Мрії / Стеценка — виїзд на вул. Стеценка,Маршрут №15. Поворот по колу на Стеценка,50.4866118,30.3961475,"https://www.google.com/maps/search/?api=1&query=50.4866118,30.3961475","https://www.google.com/maps/dir/?api=1&destination=50.4865635,30.3943272&travelmode=driving&dir_action=navigate&waypoints=50.4866118,30.3961475|50.4878673,30.3942306",https://waze.com/ul?ll=50.4866118%2C30.3961475&navigate=yes
15,Маршрут №15,9,Поворот на Сирецько-Садову перед поверненням до ТСЦ,Маршрут №15. Поворот на Сирецько-Садову,50.4878673,30.3942306,"https://www.google.com/maps/search/?api=1&query=50.4878673,30.3942306","https://www.google.com/maps/dir/?api=1&destination=50.4865635,30.3943272&travelmode=driving&dir_action=navigate&waypoints=50.4878673,30.3942306",https://waze.com/ul?ll=50.4878673%2C30.3942306&navigate=yes
15,Маршрут №15,10,"Фініш — ТСЦ МВС 8042, вул. Мрії, 19",Маршрут №15. Завершення маршруту,50.4865635,30.3943272,"https://www.google.com/maps/search/?api=1&query=50.4865635,30.3943272","https://www.google.com/maps/dir/?api=1&destination=50.4865635,30.3943272&travelmode=driving&dir_action=navigate",https://waze.com/ul?ll=50.4865635%2C30.3943272&navigate=yes
